Film,Location,region
Dr. No,MI6 headquarters in central London,England
Dr. No,Kingston,Jamaica
Dr. No,Crab Key,Jamaica
From Russia with Love,Unnamed river,United Kingdom
From Russia with Love,Zagreb,Croatia
From Russia with Love,Belgrade,Serbia
From Russia with Love,Istanbul,Turkey
From Russia with Love,Venice,Italy
Goldfinger,Stoke Park,England
Goldfinger,Geneva,Switzerland
Goldfinger,Stans,Switzerland
Goldfinger,Furka Pass,Switzerland
Goldfinger,Miami,United States
Goldfinger,Fort Knox,United States
Goldfinger,Baltimore,United States
Goldfinger,Poppy farm,Mexico
Thunderball,Anet,France
Thunderball,Shrublands Health Retreat,England
Thunderball,Paradise Island,Bahamas
Thunderball,Florida coast off Miami,United States
You Only Live Twice,Hong Kong,Hong Kong
You Only Live Twice,Washington D.C.,United States
You Only Live Twice,Tokyo,Japan
You Only Live Twice,SPECTRE's hideout,Japan
You Only Live Twice,Secret CIA base,Norway
On Her Majesty's Secret Service,Estoril,Portugal
On Her Majesty's Secret Service,College of Arms London,England
On Her Majesty's Secret Service,Piz Gloria (Swiss Alps),Switzerland
Diamonds Are Forever,Tokyo,Japan
Diamonds Are Forever,Cairo,Egypt
Diamonds Are Forever,Beach Southern,France
Diamonds Are Forever,Spa,Unnamed Latin American country
Diamonds Are Forever,Unnamed location,South Africa
Diamonds Are Forever,Amsterdam,Netherlands
Diamonds Are Forever,Las Vegas,United States
Diamonds Are Forever,Los Angeles,United States
Diamonds Are Forever,Oil rig in Baja California,Mexico
Live and Let Die,New York City,United States
Live and Let Die,San Monique (fictional),Caribbean
Live and Let Die,Green Grotto Caves,Jamaica
Live and Let Die,New Orleans,United States
The Man With the Golden Gun,Beirut,Lebanon
The Man With the Golden Gun,Casino,Macau
The Man With the Golden Gun,Hong Kong,Hong Kong
The Man With the Golden Gun,The Peninsula Hong Kong,Hong Kong
The Man With the Golden Gun,Bottoms Up Club,Hong Kong
The Man With the Golden Gun,Wreck of RMS Queen Elizabeth,Hong Kong
The Man With the Golden Gun,Bangkok,Thailand
The Man With the Golden Gun,Ko Tapu,Thailand
The Spy Who Loved Me,Alps,Austria
The Spy Who Loved Me,Royal Navy submarine pens,Scotland
The Spy Who Loved Me,Cairo,Egypt
The Spy Who Loved Me,Giza pyramid complex,Egypt
The Spy Who Loved Me,Luxor,Egypt
The Spy Who Loved Me,River Nile,Egypt
The Spy Who Loved Me,MI6 base,Egypt
The Spy Who Loved Me,Sardinia,Italy
Moonraker,"California ""Drax's villa""",United States
Moonraker,Venice,Italy
Moonraker,Rio de Janeiro,Brazil
Moonraker,Amazon,Brazil
Moonraker,Drax's space station,NA
For Your Eyes Only,Villa outside Madrid,Spain
For Your Eyes Only,St. Cyril's,Greece
For Your Eyes Only,Corfu,Greece
For Your Eyes Only,Greece-Albania border,Albania
For Your Eyes Only,Cortina d'Ampezzo,Italy
Octopussy,Airbase,NA
Octopussy,Sotheby's London,England
Octopussy,Jag Mandir,India
Octopussy,Moscow,Russia
Octopussy,West Berlin,Germany
Octopussy,Feldstadt,Germany
Octopussy,East Berlin,Germany
Octopussy,Karl-Marx-Stadt,Germany
A View to a Kill,Siberia,Russia
A View to a Kill,Ascot,England
A View to a Kill,Paris,France
A View to a Kill,Chateau de Chantilly,France
A View to a Kill,San Francisco,United States
The Living Daylights,Upper Rock,Gibraltar
The Living Daylights,Bladen safe house,United Kingdom
The Living Daylights,Bratislava,Slovakia
The Living Daylights,Tangier,Morocco
The Living Daylights,Vienna,Austria
The Living Daylights,Soviet airbase,Afghanistan
The Living Daylights,Baluchistan,Pakistan
Licence to Kill,Key West,United States
Licence to Kill,Bimini Islands,Bahamas
Licence to Kill,Cray Key,Bahamas
Licence to Kill,Isthmus City,NA
Licence to Kill,Olimpatec Meditation Institute,NA
GoldenEye,Arkangelsk chemical weapons facility,Russia
GoldenEye,Severnaya satellite control station in Siberia,Russia
GoldenEye,Saint Petersburg,Russia
GoldenEye,Monte Carlo,Monaco
GoldenEye,France-Monaco border,Monaco
GoldenEye,Satellite dish,Cuba
Tomorrow Never Dies,Terrorist market,Russia
Tomorrow Never Dies,Oxford University,England
Tomorrow Never Dies,Hamburg,Germany
Tomorrow Never Dies,South China Sea,China
Tomorrow Never Dies,Ho Chi Minh City,Vietnam
The World Is Not Enough,Bilbao,Spain
The World Is Not Enough,River Thames in London,England
The World Is Not Enough,Sir Robert King's estate,Scotland
The World Is Not Enough,Russian ICBM base,Kazakhstan
The World Is Not Enough,Baku,Azerbaijan
The World Is Not Enough,Istanbul,Turkey
Die Another Day,DMZ,North Korea
Die Another Day,US Air Base,South Korea
Die Another Day,Hong Kong,Hong Kong
Die Another Day,Havana,Cuba
Die Another Day,Blades gentleman's club,England
Die Another Day,Ice palace,Iceland
Casino Royale,Prague,Czech Republic
Casino Royale,Mbale,Uganda
Casino Royale,Nambutu Embassy,Madagascar
Casino Royale,Nassau,Bahamas
Casino Royale,Miami,United States
Casino Royale,The Casino Royale,Montenegro
Casino Royale,Venice,Italy
Casino Royale,Lake Como,Italy
Quantum of Solace,Siena,Italy
Quantum of Solace,Talamone,Italy
Quantum of Solace,London,England
Quantum of Solace,Port-au-Prince,Haiti
Quantum of Solace,Bregenz,Austria
Quantum of Solace,La Paz,Bolivia
Quantum of Solace,Kazan,Russia
Skyfall,Istanbul,Turkey
Skyfall,Aegean coast,Turkey
Skyfall,London,England
Skyfall,Shanghai,China
Skyfall,Macau,Macau
Skyfall,Hashima Island,Japan
Skyfall,Skyfall estate,Scotland
Spectre,Mexico City,Mexico
Spectre,London,England
Spectre,Saint Peters Square,Vatican City
Spectre,Rome,Italy
Spectre,Altaussee,Austria
Spectre,Tangier,Morocco
